USE imdb
GO
INSERT INTO Category(name) VALUES('Category 1')
INSERT INTO Category(name) VALUES('Category 2')
INSERT INTO Category(name) VALUES('Category 3')
GO
INSERT INTO TitleType(name) VALUES('Movie')
INSERT INTO TitleType(name) VALUES('Serie')
INSERT INTO TitleType(name) VALUES('Episode')
GO
INSERT INTO Genre(name) VALUES('Action')
INSERT INTO Genre(name) VALUES('Romance')
INSERT INTO Genre(name) VALUES('Drama')
INSERT INTO Genre(name) VALUES('Horror')
INSERT INTO Genre(name) VALUES('Science Fiction')
INSERT INTO Genre(name) VALUES('Fantasy')
INSERT INTO Genre(name) VALUES('Adventure')
INSERT INTO Genre(name) VALUES('Comedy')
GO
INSERT INTO Region(name) VALUES('Europe')
INSERT INTO Region(name) VALUES('Asia')
INSERT INTO Region(name) VALUES('North America')
INSERT INTO Region(name) VALUES('South America')
GO
INSERT INTO Language(name) VALUES('English')
INSERT INTO Language(name) VALUES('Spanish')
INSERT INTO Language(name) VALUES('French')
INSERT INTO Language(name) VALUES('Russian')
GO
INSERT INTO AlternativeType(name) VALUES('Movie')
INSERT INTO AlternativeType(name) VALUES('Episode')
GO
INSERT INTO AlternativeAttribute(name) VALUES('I')
INSERT INTO AlternativeAttribute(name) VALUES('Dont')
INSERT INTO AlternativeAttribute(name) VALUES('Know')
INSERT INTO AlternativeAttribute(name) VALUES('Ok')
GO
INSERT INTO Profession(name) VALUES('Butcher')
INSERT INTO Profession(name) VALUES('Driver')
INSERT INTO Profession(name) VALUES('Director')
INSERT INTO Profession(name) VALUES('Teacher')
GO
INSERT INTO Name(primaryName, birthYear, deathYear) VALUES('Juan', 1980, 2010)
INSERT INTO Name(primaryName, birthYear, deathYear) VALUES('Maria', 1981, 2011)
INSERT INTO Name(primaryName, birthYear, deathYear) VALUES('Pedro', 1982, 2012)
INSERT INTO Name(primaryName, birthYear, deathYear) VALUES('Carlos', 1983, 2013)
GO
INSERT INTO NameProfession(nameId, professionId) VALUES(1, 1)
INSERT INTO NameProfession(nameId, professionId) VALUES(2, 1)
INSERT INTO NameProfession(nameId, professionId) VALUES(3, 2)
INSERT INTO NameProfession(nameId, professionId) VALUES(4, 2)
INSERT INTO NameProfession(nameId, professionId) VALUES(1, 3)
INSERT INTO NameProfession(nameId, professionId) VALUES(2, 3)
INSERT INTO NameProfession(nameId, professionId) VALUES(3, 4)
INSERT INTO NameProfession(nameId, professionId) VALUES(4, 4)
GO
INSERT INTO Title(titleTypeId, primaryTitle, originalTitle, isAdult, startYear, endYear, runtime) VALUES(1, 'Lord of the Rings', 'Lord of the Rings', 1, 2009, 2010, 280)
INSERT INTO Title(titleTypeId, primaryTitle, originalTitle, isAdult, startYear, endYear, runtime) VALUES(1, 'The Hobbit', 'The Hobbit', 1, 2009, 2010, 280)
INSERT INTO Title(titleTypeId, primaryTitle, originalTitle, isAdult, startYear, endYear, runtime) VALUES(1, 'About Time', 'About Time', 1, 2009, 2010, 280)
INSERT INTO Title(titleTypeId, primaryTitle, originalTitle, isAdult, startYear, endYear, runtime) VALUES(1, 'Frozen', 'Frozen', 1, 2009, 2010, 280)
INSERT INTO Title(titleTypeId, primaryTitle, originalTitle, isAdult, startYear, endYear, runtime) VALUES(2, 'How I Met Your Mother', 'How I Met Your Mother', 1, 2009, 2010, 280)
INSERT INTO Title(titleTypeId, primaryTitle, originalTitle, isAdult, startYear, endYear, runtime) VALUES(3, 'Pilot', 'Pilot', 1, 2009, 2010, 280)
INSERT INTO Title(titleTypeId, primaryTitle, originalTitle, isAdult, startYear, endYear, runtime) VALUES(1, 'Finding Nemo', 'Finding Nemo', 1, 1990, 1991, 200)
INSERT INTO Title(titleTypeId, primaryTitle, originalTitle, isAdult, startYear, endYear, runtime) VALUES(1, 'Lucky Number Slevin', 'Lucky Number Slevin', 1, 1991, 1991, 200)
INSERT INTO Title(titleTypeId, primaryTitle, originalTitle, isAdult, startYear, endYear, runtime) VALUES(1, 'Star Trek', 'Star Trek', 1, 1992, 1993, 200)
INSERT INTO Title(titleTypeId, primaryTitle, originalTitle, isAdult, startYear, endYear, runtime) VALUES(1, 'The Godfather', 'The Godfather', 1, 1993, 1994, 200)
INSERT INTO Title(titleTypeId, primaryTitle, originalTitle, isAdult, startYear, endYear, runtime) VALUES(1, 'True Romance', 'True Romance', 1, 1990, 1994, 200)
INSERT INTO Title(titleTypeId, primaryTitle, originalTitle, isAdult, startYear, endYear, runtime) VALUES(1, 'The Blues Brothers', 'The Blues Brothers', 1, 1995, 1996, 200)
INSERT INTO Title(titleTypeId, primaryTitle, originalTitle, isAdult, startYear, endYear, runtime) VALUES(1, 'The Poseidon Adventure', 'The Poseidon Adventure', 1, 1996, 1997, 200)
INSERT INTO Title(titleTypeId, primaryTitle, originalTitle, isAdult, startYear, endYear, runtime) VALUES(1, 'The Matrix', 'The Matrix', 1, 1997, 1998, 200)
INSERT INTO Title(titleTypeId, primaryTitle, originalTitle, isAdult, startYear, endYear, runtime) VALUES(1, 'The Bodyguard', 'The Bodyguard', 1, 1998, 1999, 200)
INSERT INTO Title(titleTypeId, primaryTitle, originalTitle, isAdult, startYear, endYear, runtime) VALUES(1, 'Silent Running', 'Silent Running', 1, 1999, 2000, 200)
INSERT INTO Title(titleTypeId, primaryTitle, originalTitle, isAdult, startYear, endYear, runtime) VALUES(1, 'Gattaca', 'Gattaca', 1, 1990, 1991, 200)
INSERT INTO Title(titleTypeId, primaryTitle, originalTitle, isAdult, startYear, endYear, runtime) VALUES(1, 'War of the Worlds', 'War of the Worlds', 1, 1991, 1991, 200)
INSERT INTO Title(titleTypeId, primaryTitle, originalTitle, isAdult, startYear, endYear, runtime) VALUES(1, 'The Big Lebowski', 'The Big Lebowski', 1, 1992, 1993, 200)
INSERT INTO Title(titleTypeId, primaryTitle, originalTitle, isAdult, startYear, endYear, runtime) VALUES(1, 'Braveheart', 'Braveheart', 1, 1993, 1994, 200)
INSERT INTO Title(titleTypeId, primaryTitle, originalTitle, isAdult, startYear, endYear, runtime) VALUES(1, 'Arsenic and Old Lace', 'Arsenic and Old Lace', 1, 1990, 1994, 200)
INSERT INTO Title(titleTypeId, primaryTitle, originalTitle, isAdult, startYear, endYear, runtime) VALUES(1, 'Broken Flowers', 'Broken Flowers', 1, 1995, 1996, 200)
INSERT INTO Title(titleTypeId, primaryTitle, originalTitle, isAdult, startYear, endYear, runtime) VALUES(1, 'The Ring', 'The Ring', 1, 1996, 1997, 200)
INSERT INTO Title(titleTypeId, primaryTitle, originalTitle, isAdult, startYear, endYear, runtime) VALUES(1, 'Stalag 17', 'Stalag 17', 1, 1997, 1998, 200)
INSERT INTO Title(titleTypeId, primaryTitle, originalTitle, isAdult, startYear, endYear, runtime) VALUES(1, 'Manhattan', 'Manhattan', 1, 1998, 1999, 200)
INSERT INTO Title(titleTypeId, primaryTitle, originalTitle, isAdult, startYear, endYear, runtime) VALUES(1, 'Cool Runnings', 'Cool Runnings', 1, 1999, 2000, 200)
INSERT INTO Title(titleTypeId, primaryTitle, originalTitle, isAdult, startYear, endYear, runtime) VALUES(1, 'Halloween', 'Halloween', 1, 1990, 1991, 200)
INSERT INTO Title(titleTypeId, primaryTitle, originalTitle, isAdult, startYear, endYear, runtime) VALUES(1, 'Heat', 'Heat', 1, 1991, 1991, 200)
INSERT INTO Title(titleTypeId, primaryTitle, originalTitle, isAdult, startYear, endYear, runtime) VALUES(1, 'Rope', 'Rope', 1, 1992, 1993, 200)
INSERT INTO Title(titleTypeId, primaryTitle, originalTitle, isAdult, startYear, endYear, runtime) VALUES(1, 'Next', 'Next', 1, 1993, 1994, 200)
INSERT INTO Title(titleTypeId, primaryTitle, originalTitle, isAdult, startYear, endYear, runtime) VALUES(1, 'Stuck on You', 'Stuck on You', 1, 1990, 1994, 200)
INSERT INTO Title(titleTypeId, primaryTitle, originalTitle, isAdult, startYear, endYear, runtime) VALUES(1, 'Lord of War', 'Lord of War', 1, 1995, 1996, 200)
INSERT INTO Title(titleTypeId, primaryTitle, originalTitle, isAdult, startYear, endYear, runtime) VALUES(1, 'Superman', 'Superman', 1, 1996, 1997, 200)
INSERT INTO Title(titleTypeId, primaryTitle, originalTitle, isAdult, startYear, endYear, runtime) VALUES(1, 'Hostage', 'Hostage', 1, 1997, 1998, 200)
INSERT INTO Title(titleTypeId, primaryTitle, originalTitle, isAdult, startYear, endYear, runtime) VALUES(1, 'Birthday Girl', 'Birthday Girl', 1, 1998, 1999, 200)
INSERT INTO Title(titleTypeId, primaryTitle, originalTitle, isAdult, startYear, endYear, runtime) VALUES(1, 'Romeo Must Die', 'Romeo Must Die', 1, 1999, 2000, 200)
INSERT INTO Title(titleTypeId, primaryTitle, originalTitle, isAdult, startYear, endYear, runtime) VALUES(1, 'Lost in Space', 'Lost in Space', 1, 1990, 1991, 200)
INSERT INTO Title(titleTypeId, primaryTitle, originalTitle, isAdult, startYear, endYear, runtime) VALUES(1, 'Stardust', 'Stardust', 1, 1991, 1991, 200)
INSERT INTO Title(titleTypeId, primaryTitle, originalTitle, isAdult, startYear, endYear, runtime) VALUES(1, 'Cold Mountain', 'Cold Mountain', 1, 1992, 1993, 200)
INSERT INTO Title(titleTypeId, primaryTitle, originalTitle, isAdult, startYear, endYear, runtime) VALUES(1, 'The Bounty', 'The Bounty', 1, 1993, 1994, 200)
INSERT INTO Title(titleTypeId, primaryTitle, originalTitle, isAdult, startYear, endYear, runtime) VALUES(1, 'Backdraft', 'Backdraft', 1, 1990, 1994, 200)
INSERT INTO Title(titleTypeId, primaryTitle, originalTitle, isAdult, startYear, endYear, runtime) VALUES(1, 'What Women Want', 'What Women Want', 1, 1995, 1996, 200)
INSERT INTO Title(titleTypeId, primaryTitle, originalTitle, isAdult, startYear, endYear, runtime) VALUES(1, 'Sense and Sensibility', 'Sense and Sensibility', 1, 1996, 1997, 200)
INSERT INTO Title(titleTypeId, primaryTitle, originalTitle, isAdult, startYear, endYear, runtime) VALUES(1, 'Across the Universe', 'Across the Universe', 1, 1997, 1998, 200)
INSERT INTO Title(titleTypeId, primaryTitle, originalTitle, isAdult, startYear, endYear, runtime) VALUES(1, 'August Rush', 'August Rush', 1, 1998, 1999, 200)
INSERT INTO Title(titleTypeId, primaryTitle, originalTitle, isAdult, startYear, endYear, runtime) VALUES(1, 'Rendition', 'Rendition', 1, 1999, 2000, 200)
INSERT INTO Title(titleTypeId, primaryTitle, originalTitle, isAdult, startYear, endYear, runtime) VALUES(1, 'Three Kings', 'Three Kings', 1, 1991, 1992, 200)
INSERT INTO Title(titleTypeId, primaryTitle, originalTitle, isAdult, startYear, endYear, runtime) VALUES(1, 'Practical Magic', 'Practical Magic', 1, 1993, 1991, 200)
INSERT INTO Title(titleTypeId, primaryTitle, originalTitle, isAdult, startYear, endYear, runtime) VALUES(1, 'Idle Hands', 'Idle Hands', 1, 1993, 1994, 200)
INSERT INTO Title(titleTypeId, primaryTitle, originalTitle, isAdult, startYear, endYear, runtime) VALUES(1, 'Sleeping with the Enemy', 'Sleeping with the Enemy', 1, 1994, 19951, 200)
INSERT INTO Title(titleTypeId, primaryTitle, originalTitle, isAdult, startYear, endYear, runtime) VALUES(1, 'Shooter', 'Shooter', 1, 1995, 1996, 200)
INSERT INTO Title(titleTypeId, primaryTitle, originalTitle, isAdult, startYear, endYear, runtime) VALUES(1, 'Cocktail', 'Cocktail', 1, 1996, 1997, 200)
GO
INSERT INTO TitleGenre(titleId, genreId) VALUES(1, 1)
INSERT INTO TitleGenre(titleId, genreId) VALUES(2, 2)
INSERT INTO TitleGenre(titleId, genreId) VALUES(3, 3)
INSERT INTO TitleGenre(titleId, genreId) VALUES(4, 4)
INSERT INTO TitleGenre(titleId, genreId) VALUES(5, 5)
INSERT INTO TitleGenre(titleId, genreId) VALUES(6, 6)
INSERT INTO TitleGenre(titleId, genreId) VALUES(7, 1)
INSERT INTO TitleGenre(titleId, genreId) VALUES(8, 2)
INSERT INTO TitleGenre(titleId, genreId) VALUES(9, 3)
INSERT INTO TitleGenre(titleId, genreId) VALUES(10, 4)
INSERT INTO TitleGenre(titleId, genreId) VALUES(11, 5)
INSERT INTO TitleGenre(titleId, genreId) VALUES(12, 6)
INSERT INTO TitleGenre(titleId, genreId) VALUES(13, 1)
INSERT INTO TitleGenre(titleId, genreId) VALUES(14, 2)
INSERT INTO TitleGenre(titleId, genreId) VALUES(15, 3)
INSERT INTO TitleGenre(titleId, genreId) VALUES(16, 4)
INSERT INTO TitleGenre(titleId, genreId) VALUES(17, 5)
INSERT INTO TitleGenre(titleId, genreId) VALUES(18, 6)
INSERT INTO TitleGenre(titleId, genreId) VALUES(19, 1)
INSERT INTO TitleGenre(titleId, genreId) VALUES(20, 2)
INSERT INTO TitleGenre(titleId, genreId) VALUES(21, 3)
INSERT INTO TitleGenre(titleId, genreId) VALUES(22, 4)
INSERT INTO TitleGenre(titleId, genreId) VALUES(23, 5)
INSERT INTO TitleGenre(titleId, genreId) VALUES(24, 6)
INSERT INTO TitleGenre(titleId, genreId) VALUES(25, 1)
INSERT INTO TitleGenre(titleId, genreId) VALUES(26, 2)
INSERT INTO TitleGenre(titleId, genreId) VALUES(27, 3)
INSERT INTO TitleGenre(titleId, genreId) VALUES(28, 4)
INSERT INTO TitleGenre(titleId, genreId) VALUES(29, 5)
INSERT INTO TitleGenre(titleId, genreId) VALUES(30, 6)
INSERT INTO TitleGenre(titleId, genreId) VALUES(31, 1)
INSERT INTO TitleGenre(titleId, genreId) VALUES(32, 2)
INSERT INTO TitleGenre(titleId, genreId) VALUES(33, 3)
INSERT INTO TitleGenre(titleId, genreId) VALUES(34, 4)
INSERT INTO TitleGenre(titleId, genreId) VALUES(35, 5)
INSERT INTO TitleGenre(titleId, genreId) VALUES(36, 6)
INSERT INTO TitleGenre(titleId, genreId) VALUES(37, 1)
INSERT INTO TitleGenre(titleId, genreId) VALUES(38, 2)
INSERT INTO TitleGenre(titleId, genreId) VALUES(39, 3)
INSERT INTO TitleGenre(titleId, genreId) VALUES(40, 4)
INSERT INTO TitleGenre(titleId, genreId) VALUES(41, 5)
INSERT INTO TitleGenre(titleId, genreId) VALUES(42, 6)
INSERT INTO TitleGenre(titleId, genreId) VALUES(43, 1)
INSERT INTO TitleGenre(titleId, genreId) VALUES(44, 2)
INSERT INTO TitleGenre(titleId, genreId) VALUES(45, 3)
INSERT INTO TitleGenre(titleId, genreId) VALUES(46, 4)
INSERT INTO TitleGenre(titleId, genreId) VALUES(47, 5)
INSERT INTO TitleGenre(titleId, genreId) VALUES(48, 6)
INSERT INTO TitleGenre(titleId, genreId) VALUES(49, 1)
INSERT INTO TitleGenre(titleId, genreId) VALUES(50, 2)
INSERT INTO TitleGenre(titleId, genreId) VALUES(51, 3)
INSERT INTO TitleGenre(titleId, genreId) VALUES(52, 4)
GO
INSERT INTO AlternativeTitle(titleId, regionId, languageId, alternativeTypeId, alternativeAttributeId) VALUES(1, 1, 1, 1, 1)
INSERT INTO AlternativeTitle(titleId, regionId, languageId, alternativeTypeId, alternativeAttributeId) VALUES(2, 2, 2, 2, 2)
INSERT INTO AlternativeTitle(titleId, regionId, languageId, alternativeTypeId, alternativeAttributeId) VALUES(3, 3, 1, 1, 3)
INSERT INTO AlternativeTitle(titleId, regionId, languageId, alternativeTypeId, alternativeAttributeId) VALUES(4, 4, 2, 2, 4)
INSERT INTO AlternativeTitle(titleId, regionId, languageId, alternativeTypeId, alternativeAttributeId) VALUES(5, 1, 1, 1, 1)
INSERT INTO AlternativeTitle(titleId, regionId, languageId, alternativeTypeId, alternativeAttributeId) VALUES(6, 2, 2, 2, 2)
GO
INSERT INTO Rating(titleId, averageRating, numVotes) VALUES(1, 5.0, 100)
INSERT INTO Rating(titleId, averageRating, numVotes) VALUES(2, 4.3, 900)
INSERT INTO Rating(titleId, averageRating, numVotes) VALUES(3, 2.5, 500)
INSERT INTO Rating(titleId, averageRating, numVotes) VALUES(4, 4.9, 10)
INSERT INTO Rating(titleId, averageRating, numVotes) VALUES(5, 5.0, 321)
INSERT INTO Rating(titleId, averageRating, numVotes) VALUES(6, 4.9, 542)
INSERT INTO Rating(titleId, averageRating, numVotes) VALUES(7, 5.0, 123)
INSERT INTO Rating(titleId, averageRating, numVotes) VALUES(8, 3.2, 5434)
INSERT INTO Rating(titleId, averageRating, numVotes) VALUES(9, 2.6, 765)
INSERT INTO Rating(titleId, averageRating, numVotes) VALUES(10, 2.7, 123)
INSERT INTO Rating(titleId, averageRating, numVotes) VALUES(11, 3.6, 65)
INSERT INTO Rating(titleId, averageRating, numVotes) VALUES(12, 3.4, 54)
INSERT INTO Rating(titleId, averageRating, numVotes) VALUES(13, 2.2, 62)
INSERT INTO Rating(titleId, averageRating, numVotes) VALUES(14, 1.2, 432)
INSERT INTO Rating(titleId, averageRating, numVotes) VALUES(15, 2.5, 123)
INSERT INTO Rating(titleId, averageRating, numVotes) VALUES(16, 3.9, 34)
INSERT INTO Rating(titleId, averageRating, numVotes) VALUES(17, 5.0, 123)
INSERT INTO Rating(titleId, averageRating, numVotes) VALUES(18, 3.2, 5434)
INSERT INTO Rating(titleId, averageRating, numVotes) VALUES(19, 2.6, 765)
INSERT INTO Rating(titleId, averageRating, numVotes) VALUES(20, 2.7, 123)
INSERT INTO Rating(titleId, averageRating, numVotes) VALUES(21, 3.6, 65)
INSERT INTO Rating(titleId, averageRating, numVotes) VALUES(22, 3.4, 54)
INSERT INTO Rating(titleId, averageRating, numVotes) VALUES(23, 2.2, 62)
INSERT INTO Rating(titleId, averageRating, numVotes) VALUES(24, 1.2, 432)
INSERT INTO Rating(titleId, averageRating, numVotes) VALUES(25, 2.5, 123)
INSERT INTO Rating(titleId, averageRating, numVotes) VALUES(26, 3.9, 34)
INSERT INTO Rating(titleId, averageRating, numVotes) VALUES(27, 5.0, 123)
INSERT INTO Rating(titleId, averageRating, numVotes) VALUES(28, 3.2, 5434)
INSERT INTO Rating(titleId, averageRating, numVotes) VALUES(29, 2.6, 765)
INSERT INTO Rating(titleId, averageRating, numVotes) VALUES(30, 2.7, 123)
INSERT INTO Rating(titleId, averageRating, numVotes) VALUES(31, 3.6, 65)
INSERT INTO Rating(titleId, averageRating, numVotes) VALUES(32, 3.4, 54)
INSERT INTO Rating(titleId, averageRating, numVotes) VALUES(33, 2.2, 62)
INSERT INTO Rating(titleId, averageRating, numVotes) VALUES(34, 1.2, 432)
INSERT INTO Rating(titleId, averageRating, numVotes) VALUES(35, 2.5, 123)
INSERT INTO Rating(titleId, averageRating, numVotes) VALUES(36, 3.9, 34)
INSERT INTO Rating(titleId, averageRating, numVotes) VALUES(37, 5.0, 123)
INSERT INTO Rating(titleId, averageRating, numVotes) VALUES(38, 3.2, 5434)
INSERT INTO Rating(titleId, averageRating, numVotes) VALUES(39, 2.6, 765)
INSERT INTO Rating(titleId, averageRating, numVotes) VALUES(40, 2.7, 123)
INSERT INTO Rating(titleId, averageRating, numVotes) VALUES(41, 3.6, 65)
INSERT INTO Rating(titleId, averageRating, numVotes) VALUES(42, 3.4, 54)
INSERT INTO Rating(titleId, averageRating, numVotes) VALUES(43, 2.2, 62)
INSERT INTO Rating(titleId, averageRating, numVotes) VALUES(44, 1.2, 432)
INSERT INTO Rating(titleId, averageRating, numVotes) VALUES(45, 2.5, 123)
INSERT INTO Rating(titleId, averageRating, numVotes) VALUES(46, 3.9, 34)
INSERT INTO Rating(titleId, averageRating, numVotes) VALUES(47, 5.0, 123)
INSERT INTO Rating(titleId, averageRating, numVotes) VALUES(48, 3.2, 5434)
INSERT INTO Rating(titleId, averageRating, numVotes) VALUES(49, 2.6, 765)
INSERT INTO Rating(titleId, averageRating, numVotes) VALUES(50, 2.7, 123)
INSERT INTO Rating(titleId, averageRating, numVotes) VALUES(51, 3.6, 65)
INSERT INTO Rating(titleId, averageRating, numVotes) VALUES(52, 3.4, 54)
GO
INSERT INTO Episode(titleId, parentId, season, episode) VALUES(6, 5, 13.9, 34, 1)
GO
INSERT INTO Writer(nameId, titleId) VALUES(1, 1)
INSERT INTO Writer(nameId, titleId) VALUES(2, 2)
INSERT INTO Writer(nameId, titleId) VALUES(3, 3)
GO
INSERT INTO Director(nameId, titleId) VALUES(1, 1)
INSERT INTO Director(nameId, titleId) VALUES(2, 2)
INSERT INTO Director(nameId, titleId) VALUES(3, 3)
GO
INSERT INTO Principal(nameId, titleId, categoryId, jobId, order, character) VALUES(1, 1, 1, 1, 1, 'Primary')
INSERT INTO Principal(nameId, titleId, categoryId, jobId, order, character) VALUES(1, 2, 2, 2, 2, 'Secondary')
INSERT INTO Principal(nameId, titleId, categoryId, jobId, order, character) VALUES(1, 3, 3, 3, 3, 'Third')
INSERT INTO Principal(nameId, titleId, categoryId, jobId, order, character) VALUES(1, 4, 1, 1, 1, 'Primary')
INSERT INTO Principal(nameId, titleId, categoryId, jobId, order, character) VALUES(1, 5, 2, 2, 2, 'Secondary')
INSERT INTO Principal(nameId, titleId, categoryId, jobId, order, character) VALUES(1, 6, 3, 3, 3, 'Third')
GO
INSERT INTO KnowForTitle(nameId, titleId) VALUES(1, 1)
INSERT INTO KnowForTitle(nameId, titleId) VALUES(2, 2)
INSERT INTO KnowForTitle(nameId, titleId) VALUES(3, 3)
INSERT INTO KnowForTitle(nameId, titleId) VALUES(4, 4)
INSERT INTO KnowForTitle(nameId, titleId) VALUES(5, 5)
INSERT INTO KnowForTitle(nameId, titleId) VALUES(6, 6)
GO